Section;Extruder;Key;Type;Value
general;0;Date;str;17/02/2021 23:10:48
general;0;Os;str;Linux #73-Ubuntu SMP Mon Jan 18 17:25:17 UTC 2021
general;0;Cura_Version;str;4.9-PPA
general;0;Profile;str;MiroDraft 0.2
general;0;Quality;str;Draft
general;0;Extruder_Count;int;3
resolution;1;layer_height;float;0.2
resolution;1;layer_height_0;float;0.3
resolution;1;line_width;float;0.4
resolution;1;wall_line_width;float;0.4
resolution;1;wall_line_width_0;float;0.4
resolution;1;wall_line_width_x;float;0.4
resolution;1;skin_line_width;float;0.4
resolution;1;infill_line_width;float;0.4
resolution;1;skirt_brim_line_width;float;0.4
resolution;1;prime_tower_line_width;float;0.4
resolution;1;initial_layer_line_width_factor;float;100
shell;1;wall_extruder_nr;optional_extruder;-1
shell;1;wall_0_extruder_nr;optional_extruder;-1
shell;1;wall_x_extruder_nr;optional_extruder;-1
shell;1;wall_thickness;float;0.8
shell;1;wall_line_count;int;4
shell;1;wall_0_wipe_dist;float;0.2
shell;1;wall_0_inset;float;0
shell;1;optimize_wall_printing_order;bool;False
shell;1;outer_inset_first;bool;False
shell;1;alternate_extra_perimeter;bool;False
shell;1;travel_compensate_overlapping_walls_enabled;bool;True
shell;1;travel_compensate_overlapping_walls_0_enabled;bool;True
shell;1;travel_compensate_overlapping_walls_x_enabled;bool;True
shell;1;wall_min_flow;float;0
shell;1;fill_perimeter_gaps;enum;everywhere
shell;1;filter_out_tiny_gaps;bool;True
shell;1;fill_outline_gaps;bool;False
shell;1;xy_offset;float;0
shell;1;xy_offset_layer_0;float;0
shell;1;hole_xy_offset;float;0
shell;1;z_seam_type;enum;sharpest_corner
shell;1;z_seam_corner;enum;z_seam_corner_inner
infill;1;infill_extruder_nr;optional_extruder;-1
infill;1;infill_sparse_density;float;20
infill;1;infill_line_distance;float;4
infill;1;infill_pattern;enum;grid
infill;1;zig_zaggify_infill;bool;False
infill;1;infill_angles;[int];[ ]
infill;1;infill_offset_x;float;0
infill;1;infill_offset_y;float;0
infill;1;infill_randomize_start_location;bool;False
infill;1;infill_multiplier;int;1
infill;1;infill_wall_line_count;int;0
infill;1;infill_overlap;float;10
infill;1;infill_overlap_mm;float;0.04
infill;1;infill_wipe_dist;float;0.1
infill;1;infill_sparse_thickness;float;0.2
infill;1;gradual_infill_steps;int;0
infill;1;infill_before_walls;bool;False
infill;1;min_infill_area;float;0
infill;1;infill_support_enabled;bool;False
infill;1;skin_edge_support_thickness;float;0
infill;1;skin_edge_support_layers;int;0
material;1;material_print_temperature;float;200
material;1;material_print_temperature_layer_0;float;200
material;1;material_initial_print_temperature;float;200
material;1;material_final_print_temperature;float;200
material;1;material_bed_temperature;float;60
material;1;material_bed_temperature_layer_0;float;60
material;1;material_flow;float;100
material;1;wall_material_flow;float;100
material;1;wall_0_material_flow;float;100
material;1;wall_x_material_flow;float;100
material;1;skin_material_flow;float;100
material;1;infill_material_flow;float;100
material;1;skirt_brim_material_flow;float;100
material;1;prime_tower_flow;float;100
material;1;material_flow_layer_0;float;100
material;1;material_standby_temperature;float;200
speed;1;speed_print;float;40
speed;1;speed_infill;float;40
speed;1;speed_wall;float;20
speed;1;speed_wall_0;float;20
speed;1;speed_wall_x;float;40
speed;1;speed_topbottom;float;20
speed;1;speed_prime_tower;float;40
speed;1;speed_travel;float;120
speed;1;speed_layer_0;float;20
speed;1;speed_print_layer_0;float;20
speed;1;speed_travel_layer_0;float;60
speed;1;skirt_brim_speed;float;20
speed;1;speed_z_hop;float;10
speed;1;speed_slowdown_layers;int;2
speed;1;speed_equalize_flow_enabled;bool;False
speed;1;acceleration_enabled;bool;False
speed;1;jerk_enabled;bool;False
travel;1;retraction_enable;bool;True
travel;1;retract_at_layer_change;bool;True
travel;1;retraction_amount;float;6.5
travel;1;retraction_speed;float;25
travel;1;retraction_retract_speed;float;25
travel;1;retraction_prime_speed;float;25
travel;1;retraction_extra_prime_amount;float;0
travel;1;retraction_min_travel;float;0.8
travel;1;retraction_count_max;int;90
travel;1;retraction_extrusion_window;float;6.5
travel;1;retraction_combing;enum;all
travel;1;retraction_combing_max_distance;float;0
travel;1;travel_retract_before_outer_wall;bool;False
travel;1;travel_avoid_other_parts;bool;True
travel;1;travel_avoid_supports;bool;False
travel;1;travel_avoid_distance;float;0.625
travel;1;layer_start_x;float;0
travel;1;layer_start_y;float;0
travel;1;retraction_hop_enabled;bool;True
travel;1;retraction_hop_only_when_collides;bool;True
travel;1;retraction_hop;float;1
travel;1;retraction_hop_after_extruder_switch;bool;True
travel;1;retraction_hop_after_extruder_switch_height;float;1
cooling;1;cool_fan_enabled;bool;True
cooling;1;cool_fan_speed;float;100
cooling;1;cool_fan_speed_min;float;100
cooling;1;cool_fan_speed_max;float;100
cooling;1;cool_min_layer_time_fan_speed_max;float;10
cooling;1;cool_fan_speed_0;float;0
cooling;1;cool_fan_full_at_height;float;0.3
cooling;1;cool_fan_full_layer;int;2
cooling;1;cool_min_layer_time;float;5
cooling;1;cool_min_speed;float;10
cooling;1;cool_lift_head;bool;False
dual;1;prime_tower_enable;bool;True
dual;1;prime_tower_size;float;35
dual;1;prime_tower_min_volume;float;40
dual;1;prime_tower_position_x;float;130
dual;1;prime_tower_position_y;float;160
dual;1;prime_tower_wipe_enabled;bool;True
dual;1;prime_tower_brim_enable;bool;True
dual;1;ooze_shield_enabled;bool;False
dual;1;switch_extruder_retraction_amount;float;2
dual;1;switch_extruder_retraction_speeds;float;20
dual;1;switch_extruder_retraction_speed;float;20
dual;1;switch_extruder_prime_speed;float;20
dual;1;switch_extruder_extra_prime_amount;float;0
support;1;support_enable;bool;False
platform_adhesion;1;adhesion_type;enum;skirt
platform_adhesion;1;adhesion_extruder_nr;extruder;0
platform_adhesion;1;skirt_line_count;int;3
platform_adhesion;1;skirt_gap;float;3
platform_adhesion;1;skirt_brim_minimal_length;float;250
platform_adhesion;1;brim_width;float;2
platform_adhesion;1;brim_line_count;int;5
meshfix;1;meshfix_union_all;bool;True
meshfix;1;meshfix_union_all_remove_holes;bool;False
meshfix;1;meshfix_extensive_stitching;bool;False
meshfix;1;meshfix_keep_open_polygons;bool;False
meshfix;1;multiple_mesh_overlap;float;0.15
meshfix;1;carve_multiple_volumes;bool;True
meshfix;1;alternate_carve_order;bool;True
meshfix;1;remove_empty_first_layers;bool;True
meshfix;1;meshfix_maximum_resolution;float;0.5
meshfix;1;meshfix_maximum_travel_resolution;float;0.8
meshfix;1;meshfix_maximum_deviation;float;0.025
blackmagic;1;infill_mesh;bool;False
blackmagic;1;infill_mesh_order;int;0
blackmagic;1;cutting_mesh;bool;False
blackmagic;1;mold_enabled;bool;False
blackmagic;1;support_mesh;bool;False
blackmagic;1;anti_overhang_mesh;bool;False
blackmagic;1;magic_mesh_surface_mode;enum;normal
blackmagic;1;magic_spiralize;bool;False
blackmagic;1;relative_extrusion;bool;False
experimental;1;slicing_tolerance;enum;middle
experimental;1;infill_enable_travel_optimization;bool;False
experimental;1;minimum_polygon_circumference;float;1
experimental;1;draft_shield_enabled;bool;False
experimental;1;conical_overhang_enabled;bool;False
experimental;1;coasting_enable;bool;False
experimental;1;magic_fuzzy_skin_enabled;bool;False
experimental;1;flow_rate_max_extrusion_offset;float;0
experimental;1;flow_rate_extrusion_offset_factor;float;100
experimental;1;wireframe_enabled;bool;False
experimental;1;adaptive_layer_height_enabled;bool;False
experimental;1;wall_overhang_angle;float;90
experimental;1;wall_overhang_speed_factor;float;100
experimental;1;bridge_settings_enabled;bool;False
experimental;1;clean_between_layers;bool;False
experimental;1;small_hole_max_size;float;0
experimental;1;small_feature_max_length;float;0
experimental;1;small_feature_speed_factor;float;50
experimental;1;small_feature_speed_factor_0;float;50
resolution;2;layer_height;float;0.2
resolution;2;layer_height_0;float;0.3
resolution;2;line_width;float;0.4
resolution;2;wall_line_width;float;0.4
resolution;2;wall_line_width_0;float;0.4
resolution;2;wall_line_width_x;float;0.4
resolution;2;skin_line_width;float;0.4
resolution;2;infill_line_width;float;0.4
resolution;2;skirt_brim_line_width;float;0.4
resolution;2;prime_tower_line_width;float;0.4
resolution;2;initial_layer_line_width_factor;float;100
shell;2;wall_extruder_nr;optional_extruder;-1
shell;2;wall_0_extruder_nr;optional_extruder;-1
shell;2;wall_x_extruder_nr;optional_extruder;-1
shell;2;wall_thickness;float;0.8
shell;2;wall_line_count;int;2
shell;2;wall_0_wipe_dist;float;0.2
shell;2;wall_0_inset;float;0
shell;2;optimize_wall_printing_order;bool;False
shell;2;outer_inset_first;bool;False
shell;2;alternate_extra_perimeter;bool;False
shell;2;travel_compensate_overlapping_walls_enabled;bool;True
shell;2;travel_compensate_overlapping_walls_0_enabled;bool;True
shell;2;travel_compensate_overlapping_walls_x_enabled;bool;True
shell;2;wall_min_flow;float;0
shell;2;fill_perimeter_gaps;enum;everywhere
shell;2;filter_out_tiny_gaps;bool;True
shell;2;fill_outline_gaps;bool;False
shell;2;xy_offset;float;0
shell;2;xy_offset_layer_0;float;0
shell;2;hole_xy_offset;float;0
shell;2;z_seam_type;enum;sharpest_corner
shell;2;z_seam_corner;enum;z_seam_corner_inner
infill;2;infill_extruder_nr;optional_extruder;-1
infill;2;infill_sparse_density;float;20
infill;2;infill_line_distance;float;4
infill;2;infill_pattern;enum;grid
infill;2;zig_zaggify_infill;bool;False
infill;2;infill_angles;[int];[ ]
infill;2;infill_offset_x;float;0
infill;2;infill_offset_y;float;0
infill;2;infill_randomize_start_location;bool;False
infill;2;infill_multiplier;int;1
infill;2;infill_wall_line_count;int;0
infill;2;infill_overlap;float;10
infill;2;infill_overlap_mm;float;0.04
infill;2;infill_wipe_dist;float;0.1
infill;2;infill_sparse_thickness;float;0.2
infill;2;gradual_infill_steps;int;0
infill;2;infill_before_walls;bool;True
infill;2;min_infill_area;float;0
infill;2;infill_support_enabled;bool;False
infill;2;skin_edge_support_thickness;float;0
infill;2;skin_edge_support_layers;int;0
material;2;material_print_temperature;float;210
material;2;material_print_temperature_layer_0;float;210
material;2;material_initial_print_temperature;float;200
material;2;material_final_print_temperature;float;195
material;2;material_extrusion_cool_down_speed;float;0.7
material;2;material_bed_temperature;float;60
material;2;material_bed_temperature_layer_0;float;60
material;2;material_flow;float;100
material;2;wall_material_flow;float;100
material;2;wall_0_material_flow;float;100
material;2;wall_x_material_flow;float;100
material;2;skin_material_flow;float;100
material;2;infill_material_flow;float;100
material;2;skirt_brim_material_flow;float;100
material;2;prime_tower_flow;float;100
material;2;material_flow_layer_0;float;100
material;2;material_standby_temperature;float;150
speed;2;speed_print;float;60
speed;2;speed_infill;float;60
speed;2;speed_wall;float;30
speed;2;speed_wall_0;float;30
speed;2;speed_wall_x;float;60
speed;2;speed_topbottom;float;30
speed;2;speed_prime_tower;float;60
speed;2;speed_travel;float;120
speed;2;speed_layer_0;float;30
speed;2;speed_print_layer_0;float;30
speed;2;speed_travel_layer_0;float;60
speed;2;skirt_brim_speed;float;20
speed;2;speed_slowdown_layers;int;2
speed;2;speed_equalize_flow_enabled;bool;False
speed;2;acceleration_enabled;bool;False
speed;2;jerk_enabled;bool;False
travel;2;retraction_enable;bool;True
travel;2;retract_at_layer_change;bool;False
travel;2;retraction_amount;float;6.5
travel;2;retraction_speed;float;25
travel;2;retraction_retract_speed;float;25
travel;2;retraction_prime_speed;float;25
travel;2;retraction_extra_prime_amount;float;0
travel;2;retraction_min_travel;float;0.8
travel;2;retraction_count_max;int;90
travel;2;retraction_extrusion_window;float;6.5
travel;2;retraction_combing;enum;all
travel;2;retraction_combing_max_distance;float;0
travel;2;travel_retract_before_outer_wall;bool;False
travel;2;travel_avoid_other_parts;bool;True
travel;2;travel_avoid_supports;bool;False
travel;2;travel_avoid_distance;float;0.625
travel;2;layer_start_x;float;0
travel;2;layer_start_y;float;0
travel;2;retraction_hop_enabled;bool;False
travel;2;retraction_hop_after_extruder_switch_height;float;1
cooling;2;cool_fan_enabled;bool;True
cooling;2;cool_fan_speed;float;100
cooling;2;cool_fan_speed_min;float;100
cooling;2;cool_fan_speed_max;float;100
cooling;2;cool_min_layer_time_fan_speed_max;float;10
cooling;2;cool_fan_speed_0;float;0
cooling;2;cool_fan_full_at_height;float;0.3
cooling;2;cool_fan_full_layer;int;2
cooling;2;cool_min_layer_time;float;5
cooling;2;cool_min_speed;float;10
cooling;2;cool_lift_head;bool;False
dual;2;prime_tower_enable;bool;True
dual;2;prime_tower_size;float;35
dual;2;prime_tower_min_volume;float;6
dual;2;prime_tower_position_x;float;130
dual;2;prime_tower_position_y;float;160
dual;2;prime_tower_wipe_enabled;bool;True
dual;2;prime_tower_brim_enable;bool;True
dual;2;ooze_shield_enabled;bool;False
dual;2;switch_extruder_retraction_amount;float;16
dual;2;switch_extruder_retraction_speeds;float;20
dual;2;switch_extruder_retraction_speed;float;20
dual;2;switch_extruder_prime_speed;float;20
dual;2;switch_extruder_extra_prime_amount;float;0
support;2;support_enable;bool;False
platform_adhesion;2;adhesion_type;enum;skirt
platform_adhesion;2;adhesion_extruder_nr;extruder;0
platform_adhesion;2;skirt_line_count;int;3
platform_adhesion;2;skirt_gap;float;3
platform_adhesion;2;skirt_brim_minimal_length;float;250
platform_adhesion;2;brim_width;float;2
platform_adhesion;2;brim_line_count;int;5
meshfix;2;meshfix_union_all;bool;True
meshfix;2;meshfix_union_all_remove_holes;bool;False
meshfix;2;meshfix_extensive_stitching;bool;False
meshfix;2;meshfix_keep_open_polygons;bool;False
meshfix;2;multiple_mesh_overlap;float;0.15
meshfix;2;carve_multiple_volumes;bool;True
meshfix;2;alternate_carve_order;bool;True
meshfix;2;remove_empty_first_layers;bool;True
meshfix;2;meshfix_maximum_resolution;float;0.5
meshfix;2;meshfix_maximum_travel_resolution;float;0.8
meshfix;2;meshfix_maximum_deviation;float;0.025
blackmagic;2;infill_mesh;bool;False
blackmagic;2;infill_mesh_order;int;0
blackmagic;2;cutting_mesh;bool;False
blackmagic;2;mold_enabled;bool;False
blackmagic;2;support_mesh;bool;False
blackmagic;2;anti_overhang_mesh;bool;False
blackmagic;2;magic_mesh_surface_mode;enum;normal
blackmagic;2;magic_spiralize;bool;False
blackmagic;2;relative_extrusion;bool;False
experimental;2;slicing_tolerance;enum;middle
experimental;2;infill_enable_travel_optimization;bool;False
experimental;2;minimum_polygon_circumference;float;1
experimental;2;draft_shield_enabled;bool;False
experimental;2;conical_overhang_enabled;bool;False
experimental;2;coasting_enable;bool;False
experimental;2;magic_fuzzy_skin_enabled;bool;False
experimental;2;flow_rate_max_extrusion_offset;float;0
experimental;2;flow_rate_extrusion_offset_factor;float;100
experimental;2;wireframe_enabled;bool;False
experimental;2;adaptive_layer_height_enabled;bool;False
experimental;2;wall_overhang_angle;float;90
experimental;2;wall_overhang_speed_factor;float;100
experimental;2;bridge_settings_enabled;bool;False
experimental;2;clean_between_layers;bool;False
experimental;2;small_hole_max_size;float;0
experimental;2;small_feature_max_length;float;0
experimental;2;small_feature_speed_factor;float;50
experimental;2;small_feature_speed_factor_0;float;50
resolution;3;layer_height;float;0.2
resolution;3;layer_height_0;float;0.3
resolution;3;line_width;float;0.4
resolution;3;wall_line_width;float;0.4
resolution;3;wall_line_width_0;float;0.4
resolution;3;wall_line_width_x;float;0.4
resolution;3;skin_line_width;float;0.4
resolution;3;infill_line_width;float;0.4
resolution;3;skirt_brim_line_width;float;0.4
resolution;3;prime_tower_line_width;float;0.4
resolution;3;initial_layer_line_width_factor;float;100
shell;3;wall_extruder_nr;optional_extruder;-1
shell;3;wall_0_extruder_nr;optional_extruder;-1
shell;3;wall_x_extruder_nr;optional_extruder;-1
shell;3;wall_thickness;float;0.8
shell;3;wall_line_count;int;4
shell;3;wall_0_wipe_dist;float;0.2
shell;3;wall_0_inset;float;0
shell;3;optimize_wall_printing_order;bool;False
shell;3;outer_inset_first;bool;False
shell;3;alternate_extra_perimeter;bool;False
shell;3;travel_compensate_overlapping_walls_enabled;bool;True
shell;3;travel_compensate_overlapping_walls_0_enabled;bool;True
shell;3;travel_compensate_overlapping_walls_x_enabled;bool;True
shell;3;wall_min_flow;float;0
shell;3;fill_perimeter_gaps;enum;everywhere
shell;3;filter_out_tiny_gaps;bool;True
shell;3;fill_outline_gaps;bool;False
shell;3;xy_offset;float;0
shell;3;xy_offset_layer_0;float;0
shell;3;hole_xy_offset;float;0
shell;3;z_seam_type;enum;sharpest_corner
shell;3;z_seam_corner;enum;z_seam_corner_inner
infill;3;infill_extruder_nr;optional_extruder;-1
infill;3;infill_sparse_density;float;20
infill;3;infill_line_distance;float;4
infill;3;infill_pattern;enum;grid
infill;3;zig_zaggify_infill;bool;False
infill;3;infill_angles;[int];[ ]
infill;3;infill_offset_x;float;0
infill;3;infill_offset_y;float;0
infill;3;infill_randomize_start_location;bool;False
infill;3;infill_multiplier;int;1
infill;3;infill_wall_line_count;int;0
infill;3;infill_overlap;float;10
infill;3;infill_overlap_mm;float;0.04
infill;3;infill_wipe_dist;float;0.1
infill;3;infill_sparse_thickness;float;0.2
infill;3;gradual_infill_steps;int;0
infill;3;infill_before_walls;bool;False
infill;3;min_infill_area;float;0
infill;3;infill_support_enabled;bool;False
infill;3;skin_edge_support_thickness;float;0
infill;3;skin_edge_support_layers;int;0
material;3;material_print_temperature;float;200
material;3;material_print_temperature_layer_0;float;200
material;3;material_initial_print_temperature;float;200
material;3;material_final_print_temperature;float;200
material;3;material_bed_temperature;float;60
material;3;material_bed_temperature_layer_0;float;60
material;3;material_flow;float;100
material;3;wall_material_flow;float;100
material;3;wall_0_material_flow;float;100
material;3;wall_x_material_flow;float;100
material;3;skin_material_flow;float;100
material;3;infill_material_flow;float;100
material;3;skirt_brim_material_flow;float;100
material;3;prime_tower_flow;float;100
material;3;material_flow_layer_0;float;100
material;3;material_standby_temperature;float;200
speed;3;speed_print;float;40
speed;3;speed_infill;float;40
speed;3;speed_wall;float;20
speed;3;speed_wall_0;float;20
speed;3;speed_wall_x;float;40
speed;3;speed_topbottom;float;20
speed;3;speed_prime_tower;float;40
speed;3;speed_travel;float;120
speed;3;speed_layer_0;float;20
speed;3;speed_print_layer_0;float;20
speed;3;speed_travel_layer_0;float;60
speed;3;skirt_brim_speed;float;20
speed;3;speed_z_hop;float;10
speed;3;speed_slowdown_layers;int;2
speed;3;speed_equalize_flow_enabled;bool;False
speed;3;acceleration_enabled;bool;False
speed;3;jerk_enabled;bool;False
travel;3;retraction_enable;bool;True
travel;3;retract_at_layer_change;bool;True
travel;3;retraction_amount;float;6.5
travel;3;retraction_speed;float;25
travel;3;retraction_retract_speed;float;25
travel;3;retraction_prime_speed;float;25
travel;3;retraction_extra_prime_amount;float;0
travel;3;retraction_min_travel;float;0.8
travel;3;retraction_count_max;int;90
travel;3;retraction_extrusion_window;float;6.5
travel;3;retraction_combing;enum;all
travel;3;retraction_combing_max_distance;float;0
travel;3;travel_retract_before_outer_wall;bool;False
travel;3;travel_avoid_other_parts;bool;True
travel;3;travel_avoid_supports;bool;False
travel;3;travel_avoid_distance;float;0.625
travel;3;layer_start_x;float;0
travel;3;layer_start_y;float;0
travel;3;retraction_hop_enabled;bool;True
travel;3;retraction_hop_only_when_collides;bool;True
travel;3;retraction_hop;float;1
travel;3;retraction_hop_after_extruder_switch;bool;True
travel;3;retraction_hop_after_extruder_switch_height;float;1
cooling;3;cool_fan_enabled;bool;True
cooling;3;cool_fan_speed;float;100
cooling;3;cool_fan_speed_min;float;100
cooling;3;cool_fan_speed_max;float;100
cooling;3;cool_min_layer_time_fan_speed_max;float;10
cooling;3;cool_fan_speed_0;float;0
cooling;3;cool_fan_full_at_height;float;0.3
cooling;3;cool_fan_full_layer;int;2
cooling;3;cool_min_layer_time;float;5
cooling;3;cool_min_speed;float;10
cooling;3;cool_lift_head;bool;False
dual;3;prime_tower_enable;bool;True
dual;3;prime_tower_size;float;35
dual;3;prime_tower_min_volume;float;40
dual;3;prime_tower_position_x;float;130
dual;3;prime_tower_position_y;float;160
dual;3;prime_tower_wipe_enabled;bool;True
dual;3;prime_tower_brim_enable;bool;True
dual;3;ooze_shield_enabled;bool;False
dual;3;switch_extruder_retraction_amount;float;2
dual;3;switch_extruder_retraction_speeds;float;20
dual;3;switch_extruder_retraction_speed;float;20
dual;3;switch_extruder_prime_speed;float;20
dual;3;switch_extruder_extra_prime_amount;float;0
support;3;support_enable;bool;False
platform_adhesion;3;adhesion_type;enum;skirt
platform_adhesion;3;adhesion_extruder_nr;extruder;0
platform_adhesion;3;skirt_line_count;int;3
platform_adhesion;3;skirt_gap;float;3
platform_adhesion;3;skirt_brim_minimal_length;float;250
platform_adhesion;3;brim_width;float;2
platform_adhesion;3;brim_line_count;int;5
meshfix;3;meshfix_union_all;bool;True
meshfix;3;meshfix_union_all_remove_holes;bool;False
meshfix;3;meshfix_extensive_stitching;bool;False
meshfix;3;meshfix_keep_open_polygons;bool;False
meshfix;3;multiple_mesh_overlap;float;0.15
meshfix;3;carve_multiple_volumes;bool;True
meshfix;3;alternate_carve_order;bool;True
meshfix;3;remove_empty_first_layers;bool;True
meshfix;3;meshfix_maximum_resolution;float;0.5
meshfix;3;meshfix_maximum_travel_resolution;float;0.8
meshfix;3;meshfix_maximum_deviation;float;0.025
blackmagic;3;infill_mesh;bool;False
blackmagic;3;infill_mesh_order;int;0
blackmagic;3;cutting_mesh;bool;False
blackmagic;3;mold_enabled;bool;False
blackmagic;3;support_mesh;bool;False
blackmagic;3;anti_overhang_mesh;bool;False
blackmagic;3;magic_mesh_surface_mode;enum;normal
blackmagic;3;magic_spiralize;bool;False
blackmagic;3;relative_extrusion;bool;False
experimental;3;slicing_tolerance;enum;middle
experimental;3;infill_enable_travel_optimization;bool;False
experimental;3;minimum_polygon_circumference;float;1
experimental;3;draft_shield_enabled;bool;False
experimental;3;conical_overhang_enabled;bool;False
experimental;3;coasting_enable;bool;False
experimental;3;magic_fuzzy_skin_enabled;bool;False
experimental;3;flow_rate_max_extrusion_offset;float;0
experimental;3;flow_rate_extrusion_offset_factor;float;100
experimental;3;wireframe_enabled;bool;False
experimental;3;adaptive_layer_height_enabled;bool;False
experimental;3;wall_overhang_angle;float;90
experimental;3;wall_overhang_speed_factor;float;100
experimental;3;bridge_settings_enabled;bool;False
experimental;3;clean_between_layers;bool;False
experimental;3;small_hole_max_size;float;0
experimental;3;small_feature_max_length;float;0
experimental;3;small_feature_speed_factor;float;50
experimental;3;small_feature_speed_factor_0;float;50
resolution;4;layer_height;float;0.2
resolution;4;layer_height_0;float;0.3
resolution;4;line_width;float;0.4
resolution;4;wall_line_width;float;0.4
resolution;4;wall_line_width_0;float;0.4
resolution;4;wall_line_width_x;float;0.4
resolution;4;skin_line_width;float;0.4
resolution;4;infill_line_width;float;0.4
resolution;4;skirt_brim_line_width;float;0.4
resolution;4;prime_tower_line_width;float;0.4
resolution;4;initial_layer_line_width_factor;float;100
shell;4;wall_extruder_nr;optional_extruder;-1
shell;4;wall_0_extruder_nr;optional_extruder;-1
shell;4;wall_x_extruder_nr;optional_extruder;-1
shell;4;wall_thickness;float;0.8
shell;4;wall_line_count;int;2
shell;4;wall_0_wipe_dist;float;0.2
shell;4;wall_0_inset;float;0
shell;4;optimize_wall_printing_order;bool;False
shell;4;outer_inset_first;bool;False
shell;4;alternate_extra_perimeter;bool;False
shell;4;travel_compensate_overlapping_walls_enabled;bool;True
shell;4;travel_compensate_overlapping_walls_0_enabled;bool;True
shell;4;travel_compensate_overlapping_walls_x_enabled;bool;True
shell;4;wall_min_flow;float;0
shell;4;fill_perimeter_gaps;enum;everywhere
shell;4;filter_out_tiny_gaps;bool;True
shell;4;fill_outline_gaps;bool;False
shell;4;xy_offset;float;0
shell;4;xy_offset_layer_0;float;0
shell;4;hole_xy_offset;float;0
shell;4;z_seam_type;enum;sharpest_corner
shell;4;z_seam_corner;enum;z_seam_corner_inner
infill;4;infill_extruder_nr;optional_extruder;-1
infill;4;infill_sparse_density;float;20
infill;4;infill_line_distance;float;4
infill;4;infill_pattern;enum;grid
infill;4;zig_zaggify_infill;bool;False
infill;4;infill_angles;[int];[ ]
infill;4;infill_offset_x;float;0
infill;4;infill_offset_y;float;0
infill;4;infill_randomize_start_location;bool;False
infill;4;infill_multiplier;int;1
infill;4;infill_wall_line_count;int;0
infill;4;infill_overlap;float;10
infill;4;infill_overlap_mm;float;0.04
infill;4;infill_wipe_dist;float;0.1
infill;4;infill_sparse_thickness;float;0.2
infill;4;gradual_infill_steps;int;0
infill;4;infill_before_walls;bool;True
infill;4;min_infill_area;float;0
infill;4;infill_support_enabled;bool;False
infill;4;skin_edge_support_thickness;float;0
infill;4;skin_edge_support_layers;int;0
material;4;material_print_temperature;float;210
material;4;material_print_temperature_layer_0;float;210
material;4;material_initial_print_temperature;float;200
material;4;material_final_print_temperature;float;195
material;4;material_extrusion_cool_down_speed;float;0.7
material;4;material_bed_temperature;float;60
material;4;material_bed_temperature_layer_0;float;60
material;4;material_flow;float;100
material;4;wall_material_flow;float;100
material;4;wall_0_material_flow;float;100
material;4;wall_x_material_flow;float;100
material;4;skin_material_flow;float;100
material;4;infill_material_flow;float;100
material;4;skirt_brim_material_flow;float;100
material;4;prime_tower_flow;float;100
material;4;material_flow_layer_0;float;100
material;4;material_standby_temperature;float;150
speed;4;speed_print;float;60
speed;4;speed_infill;float;60
speed;4;speed_wall;float;30
speed;4;speed_wall_0;float;30
speed;4;speed_wall_x;float;60
speed;4;speed_topbottom;float;30
speed;4;speed_prime_tower;float;60
speed;4;speed_travel;float;120
speed;4;speed_layer_0;float;30
speed;4;speed_print_layer_0;float;30
speed;4;speed_travel_layer_0;float;60
speed;4;skirt_brim_speed;float;20
speed;4;speed_slowdown_layers;int;2
speed;4;speed_equalize_flow_enabled;bool;False
speed;4;acceleration_enabled;bool;False
speed;4;jerk_enabled;bool;False
travel;4;retraction_enable;bool;True
travel;4;retract_at_layer_change;bool;False
travel;4;retraction_amount;float;6.5
travel;4;retraction_speed;float;25
travel;4;retraction_retract_speed;float;25
travel;4;retraction_prime_speed;float;25
travel;4;retraction_extra_prime_amount;float;0
travel;4;retraction_min_travel;float;0.8
travel;4;retraction_count_max;int;90
travel;4;retraction_extrusion_window;float;6.5
travel;4;retraction_combing;enum;all
travel;4;retraction_combing_max_distance;float;0
travel;4;travel_retract_before_outer_wall;bool;False
travel;4;travel_avoid_other_parts;bool;True
travel;4;travel_avoid_supports;bool;False
travel;4;travel_avoid_distance;float;0.625
travel;4;layer_start_x;float;0
travel;4;layer_start_y;float;0
travel;4;retraction_hop_enabled;bool;False
travel;4;retraction_hop_after_extruder_switch_height;float;1
cooling;4;cool_fan_enabled;bool;True
cooling;4;cool_fan_speed;float;100
cooling;4;cool_fan_speed_min;float;100
cooling;4;cool_fan_speed_max;float;100
cooling;4;cool_min_layer_time_fan_speed_max;float;10
cooling;4;cool_fan_speed_0;float;0
cooling;4;cool_fan_full_at_height;float;0.3
cooling;4;cool_fan_full_layer;int;2
cooling;4;cool_min_layer_time;float;5
cooling;4;cool_min_speed;float;10
cooling;4;cool_lift_head;bool;False
dual;4;prime_tower_enable;bool;True
dual;4;prime_tower_size;float;35
dual;4;prime_tower_min_volume;float;6
dual;4;prime_tower_position_x;float;130
dual;4;prime_tower_position_y;float;160
dual;4;prime_tower_wipe_enabled;bool;True
dual;4;prime_tower_brim_enable;bool;True
dual;4;ooze_shield_enabled;bool;False
dual;4;switch_extruder_retraction_amount;float;16
dual;4;switch_extruder_retraction_speeds;float;20
dual;4;switch_extruder_retraction_speed;float;20
dual;4;switch_extruder_prime_speed;float;20
dual;4;switch_extruder_extra_prime_amount;float;0
support;4;support_enable;bool;False
platform_adhesion;4;adhesion_type;enum;skirt
platform_adhesion;4;adhesion_extruder_nr;extruder;0
platform_adhesion;4;skirt_line_count;int;3
platform_adhesion;4;skirt_gap;float;3
platform_adhesion;4;skirt_brim_minimal_length;float;250
platform_adhesion;4;brim_width;float;2
platform_adhesion;4;brim_line_count;int;5
meshfix;4;meshfix_union_all;bool;True
meshfix;4;meshfix_union_all_remove_holes;bool;False
meshfix;4;meshfix_extensive_stitching;bool;False
meshfix;4;meshfix_keep_open_polygons;bool;False
meshfix;4;multiple_mesh_overlap;float;0.15
meshfix;4;carve_multiple_volumes;bool;True
meshfix;4;alternate_carve_order;bool;True
meshfix;4;remove_empty_first_layers;bool;True
meshfix;4;meshfix_maximum_resolution;float;0.5
meshfix;4;meshfix_maximum_travel_resolution;float;0.8
meshfix;4;meshfix_maximum_deviation;float;0.025
blackmagic;4;infill_mesh;bool;False
blackmagic;4;infill_mesh_order;int;0
blackmagic;4;cutting_mesh;bool;False
blackmagic;4;mold_enabled;bool;False
blackmagic;4;support_mesh;bool;False
blackmagic;4;anti_overhang_mesh;bool;False
blackmagic;4;magic_mesh_surface_mode;enum;normal
blackmagic;4;magic_spiralize;bool;False
blackmagic;4;relative_extrusion;bool;False
experimental;4;slicing_tolerance;enum;middle
experimental;4;infill_enable_travel_optimization;bool;False
experimental;4;minimum_polygon_circumference;float;1
experimental;4;draft_shield_enabled;bool;False
experimental;4;conical_overhang_enabled;bool;False
experimental;4;coasting_enable;bool;False
experimental;4;magic_fuzzy_skin_enabled;bool;False
experimental;4;flow_rate_max_extrusion_offset;float;0
experimental;4;flow_rate_extrusion_offset_factor;float;100
experimental;4;wireframe_enabled;bool;False
experimental;4;adaptive_layer_height_enabled;bool;False
experimental;4;wall_overhang_angle;float;90
experimental;4;wall_overhang_speed_factor;float;100
experimental;4;bridge_settings_enabled;bool;False
experimental;4;clean_between_layers;bool;False
experimental;4;small_hole_max_size;float;0
experimental;4;small_feature_max_length;float;0
experimental;4;small_feature_speed_factor;float;50
experimental;4;small_feature_speed_factor_0;float;50
resolution;5;layer_height;float;0.2
resolution;5;layer_height_0;float;0.3
resolution;5;line_width;float;0.4
resolution;5;wall_line_width;float;0.4
resolution;5;wall_line_width_0;float;0.4
resolution;5;wall_line_width_x;float;0.4
resolution;5;skin_line_width;float;0.4
resolution;5;infill_line_width;float;0.4
resolution;5;skirt_brim_line_width;float;0.4
resolution;5;prime_tower_line_width;float;0.4
resolution;5;initial_layer_line_width_factor;float;100
shell;5;wall_extruder_nr;optional_extruder;-1
shell;5;wall_0_extruder_nr;optional_extruder;-1
shell;5;wall_x_extruder_nr;optional_extruder;-1
shell;5;wall_thickness;float;0.8
shell;5;wall_line_count;int;2
shell;5;wall_0_wipe_dist;float;0.2
shell;5;wall_0_inset;float;0
shell;5;optimize_wall_printing_order;bool;False
shell;5;outer_inset_first;bool;False
shell;5;alternate_extra_perimeter;bool;False
shell;5;travel_compensate_overlapping_walls_enabled;bool;True
shell;5;travel_compensate_overlapping_walls_0_enabled;bool;True
shell;5;travel_compensate_overlapping_walls_x_enabled;bool;True
shell;5;wall_min_flow;float;0
shell;5;fill_perimeter_gaps;enum;everywhere
shell;5;filter_out_tiny_gaps;bool;True
shell;5;fill_outline_gaps;bool;False
shell;5;xy_offset;float;0
shell;5;xy_offset_layer_0;float;0
shell;5;hole_xy_offset;float;0
shell;5;z_seam_type;enum;sharpest_corner
shell;5;z_seam_corner;enum;z_seam_corner_inner
infill;5;infill_extruder_nr;optional_extruder;-1
infill;5;infill_sparse_density;float;20
infill;5;infill_line_distance;float;4
infill;5;infill_pattern;enum;grid
infill;5;zig_zaggify_infill;bool;False
infill;5;infill_angles;[int];[ ]
infill;5;infill_offset_x;float;0
infill;5;infill_offset_y;float;0
infill;5;infill_randomize_start_location;bool;False
infill;5;infill_multiplier;int;1
infill;5;infill_wall_line_count;int;0
infill;5;infill_overlap;float;10
infill;5;infill_overlap_mm;float;0.04
infill;5;infill_wipe_dist;float;0.1
infill;5;infill_sparse_thickness;float;0.2
infill;5;gradual_infill_steps;int;0
infill;5;infill_before_walls;bool;True
infill;5;min_infill_area;float;0
infill;5;infill_support_enabled;bool;False
infill;5;skin_edge_support_thickness;float;0
infill;5;skin_edge_support_layers;int;0
material;5;material_print_temperature;float;210
material;5;material_print_temperature_layer_0;float;210
material;5;material_initial_print_temperature;float;200
material;5;material_final_print_temperature;float;195
material;5;material_extrusion_cool_down_speed;float;0.7
material;5;material_bed_temperature;float;60
material;5;material_bed_temperature_layer_0;float;60
material;5;material_flow;float;100
material;5;wall_material_flow;float;100
material;5;wall_0_material_flow;float;100
material;5;wall_x_material_flow;float;100
material;5;skin_material_flow;float;100
material;5;infill_material_flow;float;100
material;5;skirt_brim_material_flow;float;100
material;5;prime_tower_flow;float;100
material;5;material_flow_layer_0;float;100
material;5;material_standby_temperature;float;150
speed;5;speed_print;float;60
speed;5;speed_infill;float;60
speed;5;speed_wall;float;30
speed;5;speed_wall_0;float;30
speed;5;speed_wall_x;float;60
speed;5;speed_topbottom;float;30
speed;5;speed_prime_tower;float;60
speed;5;speed_travel;float;120
speed;5;speed_layer_0;float;30
speed;5;speed_print_layer_0;float;30
speed;5;speed_travel_layer_0;float;60
speed;5;skirt_brim_speed;float;20
speed;5;speed_slowdown_layers;int;2
speed;5;speed_equalize_flow_enabled;bool;False
speed;5;acceleration_enabled;bool;False
speed;5;jerk_enabled;bool;False
travel;5;retraction_enable;bool;True
travel;5;retract_at_layer_change;bool;False
travel;5;retraction_amount;float;6.5
travel;5;retraction_speed;float;25
travel;5;retraction_retract_speed;float;25
travel;5;retraction_prime_speed;float;25
travel;5;retraction_extra_prime_amount;float;0
travel;5;retraction_min_travel;float;0.8
travel;5;retraction_count_max;int;90
travel;5;retraction_extrusion_window;float;6.5
travel;5;retraction_combing;enum;all
travel;5;retraction_combing_max_distance;float;0
travel;5;travel_retract_before_outer_wall;bool;False
travel;5;travel_avoid_other_parts;bool;True
travel;5;travel_avoid_supports;bool;False
travel;5;travel_avoid_distance;float;0.625
travel;5;layer_start_x;float;0
travel;5;layer_start_y;float;0
travel;5;retraction_hop_enabled;bool;False
travel;5;retraction_hop_after_extruder_switch_height;float;1
cooling;5;cool_fan_enabled;bool;True
cooling;5;cool_fan_speed;float;100
cooling;5;cool_fan_speed_min;float;100
cooling;5;cool_fan_speed_max;float;100
cooling;5;cool_min_layer_time_fan_speed_max;float;10
cooling;5;cool_fan_speed_0;float;0
cooling;5;cool_fan_full_at_height;float;0.3
cooling;5;cool_fan_full_layer;int;2
cooling;5;cool_min_layer_time;float;5
cooling;5;cool_min_speed;float;10
cooling;5;cool_lift_head;bool;False
dual;5;prime_tower_enable;bool;True
dual;5;prime_tower_size;float;35
dual;5;prime_tower_min_volume;float;6
dual;5;prime_tower_position_x;float;130
dual;5;prime_tower_position_y;float;160
dual;5;prime_tower_wipe_enabled;bool;True
dual;5;prime_tower_brim_enable;bool;True
dual;5;ooze_shield_enabled;bool;False
dual;5;switch_extruder_retraction_amount;float;16
dual;5;switch_extruder_retraction_speeds;float;20
dual;5;switch_extruder_retraction_speed;float;20
dual;5;switch_extruder_prime_speed;float;20
dual;5;switch_extruder_extra_prime_amount;float;0
support;5;support_enable;bool;False
platform_adhesion;5;adhesion_type;enum;skirt
platform_adhesion;5;adhesion_extruder_nr;extruder;0
platform_adhesion;5;skirt_line_count;int;3
platform_adhesion;5;skirt_gap;float;3
platform_adhesion;5;skirt_brim_minimal_length;float;250
platform_adhesion;5;brim_width;float;2
platform_adhesion;5;brim_line_count;int;5
meshfix;5;meshfix_union_all;bool;True
meshfix;5;meshfix_union_all_remove_holes;bool;False
meshfix;5;meshfix_extensive_stitching;bool;False
meshfix;5;meshfix_keep_open_polygons;bool;False
meshfix;5;multiple_mesh_overlap;float;0.15
meshfix;5;carve_multiple_volumes;bool;True
meshfix;5;alternate_carve_order;bool;True
meshfix;5;remove_empty_first_layers;bool;True
meshfix;5;meshfix_maximum_resolution;float;0.5
meshfix;5;meshfix_maximum_travel_resolution;float;0.8
meshfix;5;meshfix_maximum_deviation;float;0.025
blackmagic;5;infill_mesh;bool;False
blackmagic;5;infill_mesh_order;int;0
blackmagic;5;cutting_mesh;bool;False
blackmagic;5;mold_enabled;bool;False
blackmagic;5;support_mesh;bool;False
blackmagic;5;anti_overhang_mesh;bool;False
blackmagic;5;magic_mesh_surface_mode;enum;normal
blackmagic;5;magic_spiralize;bool;False
blackmagic;5;relative_extrusion;bool;False
experimental;5;slicing_tolerance;enum;middle
experimental;5;infill_enable_travel_optimization;bool;False
experimental;5;minimum_polygon_circumference;float;1
experimental;5;draft_shield_enabled;bool;False
experimental;5;conical_overhang_enabled;bool;False
experimental;5;coasting_enable;bool;False
experimental;5;magic_fuzzy_skin_enabled;bool;False
experimental;5;flow_rate_max_extrusion_offset;float;0
experimental;5;flow_rate_extrusion_offset_factor;float;100
experimental;5;wireframe_enabled;bool;False
experimental;5;adaptive_layer_height_enabled;bool;False
experimental;5;wall_overhang_angle;float;90
experimental;5;wall_overhang_speed_factor;float;100
experimental;5;bridge_settings_enabled;bool;False
experimental;5;clean_between_layers;bool;False
experimental;5;small_hole_max_size;float;0
experimental;5;small_feature_max_length;float;0
experimental;5;small_feature_speed_factor;float;50
experimental;5;small_feature_speed_factor_0;float;50
resolution;6;layer_height;float;0.2
resolution;6;layer_height_0;float;0.3
resolution;6;line_width;float;0.4
resolution;6;wall_line_width;float;0.4
resolution;6;wall_line_width_0;float;0.4
resolution;6;wall_line_width_x;float;0.4
resolution;6;skin_line_width;float;0.4
resolution;6;infill_line_width;float;0.4
resolution;6;skirt_brim_line_width;float;0.4
resolution;6;prime_tower_line_width;float;0.4
resolution;6;initial_layer_line_width_factor;float;100
shell;6;wall_extruder_nr;optional_extruder;-1
shell;6;wall_0_extruder_nr;optional_extruder;-1
shell;6;wall_x_extruder_nr;optional_extruder;-1
shell;6;wall_thickness;float;0.8
shell;6;wall_line_count;int;2
shell;6;wall_0_wipe_dist;float;0.2
shell;6;wall_0_inset;float;0
shell;6;optimize_wall_printing_order;bool;False
shell;6;outer_inset_first;bool;False
shell;6;alternate_extra_perimeter;bool;False
shell;6;travel_compensate_overlapping_walls_enabled;bool;True
shell;6;travel_compensate_overlapping_walls_0_enabled;bool;True
shell;6;travel_compensate_overlapping_walls_x_enabled;bool;True
shell;6;wall_min_flow;float;0
shell;6;fill_perimeter_gaps;enum;everywhere
shell;6;filter_out_tiny_gaps;bool;True
shell;6;fill_outline_gaps;bool;False
shell;6;xy_offset;float;0
shell;6;xy_offset_layer_0;float;0
shell;6;hole_xy_offset;float;0
shell;6;z_seam_type;enum;sharpest_corner
shell;6;z_seam_corner;enum;z_seam_corner_inner
infill;6;infill_extruder_nr;optional_extruder;-1
infill;6;infill_sparse_density;float;20
infill;6;infill_line_distance;float;4
infill;6;infill_pattern;enum;grid
infill;6;zig_zaggify_infill;bool;False
infill;6;infill_angles;[int];[ ]
infill;6;infill_offset_x;float;0
infill;6;infill_offset_y;float;0
infill;6;infill_randomize_start_location;bool;False
infill;6;infill_multiplier;int;1
infill;6;infill_wall_line_count;int;0
infill;6;infill_overlap;float;10
infill;6;infill_overlap_mm;float;0.04
infill;6;infill_wipe_dist;float;0.1
infill;6;infill_sparse_thickness;float;0.2
infill;6;gradual_infill_steps;int;0
infill;6;infill_before_walls;bool;True
infill;6;min_infill_area;float;0
infill;6;infill_support_enabled;bool;False
infill;6;skin_edge_support_thickness;float;0
infill;6;skin_edge_support_layers;int;0
material;6;material_print_temperature;float;210
material;6;material_print_temperature_layer_0;float;210
material;6;material_initial_print_temperature;float;200
material;6;material_final_print_temperature;float;195
material;6;material_extrusion_cool_down_speed;float;0.7
material;6;material_bed_temperature;float;60
material;6;material_bed_temperature_layer_0;float;60
material;6;material_flow;float;100
material;6;wall_material_flow;float;100
material;6;wall_0_material_flow;float;100
material;6;wall_x_material_flow;float;100
material;6;skin_material_flow;float;100
material;6;infill_material_flow;float;100
material;6;skirt_brim_material_flow;float;100
material;6;prime_tower_flow;float;100
material;6;material_flow_layer_0;float;100
material;6;material_standby_temperature;float;150
speed;6;speed_print;float;60
speed;6;speed_infill;float;60
speed;6;speed_wall;float;30
speed;6;speed_wall_0;float;30
speed;6;speed_wall_x;float;60
speed;6;speed_topbottom;float;30
speed;6;speed_prime_tower;float;60
speed;6;speed_travel;float;120
speed;6;speed_layer_0;float;30
speed;6;speed_print_layer_0;float;30
speed;6;speed_travel_layer_0;float;60
speed;6;skirt_brim_speed;float;20
speed;6;speed_slowdown_layers;int;2
speed;6;speed_equalize_flow_enabled;bool;False
speed;6;acceleration_enabled;bool;False
speed;6;jerk_enabled;bool;False
travel;6;retraction_enable;bool;True
travel;6;retract_at_layer_change;bool;False
travel;6;retraction_amount;float;6.5
travel;6;retraction_speed;float;25
travel;6;retraction_retract_speed;float;25
travel;6;retraction_prime_speed;float;25
travel;6;retraction_extra_prime_amount;float;0
travel;6;retraction_min_travel;float;0.8
travel;6;retraction_count_max;int;90
travel;6;retraction_extrusion_window;float;6.5
travel;6;retraction_combing;enum;all
travel;6;retraction_combing_max_distance;float;0
travel;6;travel_retract_before_outer_wall;bool;False
travel;6;travel_avoid_other_parts;bool;True
travel;6;travel_avoid_supports;bool;False
travel;6;travel_avoid_distance;float;0.625
travel;6;layer_start_x;float;0
travel;6;layer_start_y;float;0
travel;6;retraction_hop_enabled;bool;False
travel;6;retraction_hop_after_extruder_switch_height;float;1
cooling;6;cool_fan_enabled;bool;True
cooling;6;cool_fan_speed;float;100
cooling;6;cool_fan_speed_min;float;100
cooling;6;cool_fan_speed_max;float;100
cooling;6;cool_min_layer_time_fan_speed_max;float;10
cooling;6;cool_fan_speed_0;float;0
cooling;6;cool_fan_full_at_height;float;0.3
cooling;6;cool_fan_full_layer;int;2
cooling;6;cool_min_layer_time;float;5
cooling;6;cool_min_speed;float;10
cooling;6;cool_lift_head;bool;False
dual;6;prime_tower_enable;bool;True
dual;6;prime_tower_size;float;35
dual;6;prime_tower_min_volume;float;6
dual;6;prime_tower_position_x;float;130
dual;6;prime_tower_position_y;float;160
dual;6;prime_tower_wipe_enabled;bool;True
dual;6;prime_tower_brim_enable;bool;True
dual;6;ooze_shield_enabled;bool;False
dual;6;switch_extruder_retraction_amount;float;16
dual;6;switch_extruder_retraction_speeds;float;20
dual;6;switch_extruder_retraction_speed;float;20
dual;6;switch_extruder_prime_speed;float;20
dual;6;switch_extruder_extra_prime_amount;float;0
support;6;support_enable;bool;False
platform_adhesion;6;adhesion_type;enum;skirt
platform_adhesion;6;adhesion_extruder_nr;extruder;0
platform_adhesion;6;skirt_line_count;int;3
platform_adhesion;6;skirt_gap;float;3
platform_adhesion;6;skirt_brim_minimal_length;float;250
platform_adhesion;6;brim_width;float;2
platform_adhesion;6;brim_line_count;int;5
meshfix;6;meshfix_union_all;bool;True
meshfix;6;meshfix_union_all_remove_holes;bool;False
meshfix;6;meshfix_extensive_stitching;bool;False
meshfix;6;meshfix_keep_open_polygons;bool;False
meshfix;6;multiple_mesh_overlap;float;0.15
meshfix;6;carve_multiple_volumes;bool;True
meshfix;6;alternate_carve_order;bool;True
meshfix;6;remove_empty_first_layers;bool;True
meshfix;6;meshfix_maximum_resolution;float;0.5
meshfix;6;meshfix_maximum_travel_resolution;float;0.8
meshfix;6;meshfix_maximum_deviation;float;0.025
blackmagic;6;infill_mesh;bool;False
blackmagic;6;infill_mesh_order;int;0
blackmagic;6;cutting_mesh;bool;False
blackmagic;6;mold_enabled;bool;False
blackmagic;6;support_mesh;bool;False
blackmagic;6;anti_overhang_mesh;bool;False
blackmagic;6;magic_mesh_surface_mode;enum;normal
blackmagic;6;magic_spiralize;bool;False
blackmagic;6;relative_extrusion;bool;False
experimental;6;slicing_tolerance;enum;middle
experimental;6;infill_enable_travel_optimization;bool;False
experimental;6;minimum_polygon_circumference;float;1
experimental;6;draft_shield_enabled;bool;False
experimental;6;conical_overhang_enabled;bool;False
experimental;6;coasting_enable;bool;False
experimental;6;magic_fuzzy_skin_enabled;bool;False
experimental;6;flow_rate_max_extrusion_offset;float;0
experimental;6;flow_rate_extrusion_offset_factor;float;100
experimental;6;wireframe_enabled;bool;False
experimental;6;adaptive_layer_height_enabled;bool;False
experimental;6;wall_overhang_angle;float;90
experimental;6;wall_overhang_speed_factor;float;100
experimental;6;bridge_settings_enabled;bool;False
experimental;6;clean_between_layers;bool;False
experimental;6;small_hole_max_size;float;0
experimental;6;small_feature_max_length;float;0
experimental;6;small_feature_speed_factor;float;50
experimental;6;small_feature_speed_factor_0;float;50
resolution;7;layer_height;float;0.2
resolution;7;layer_height_0;float;0.3
resolution;7;line_width;float;0.4
resolution;7;wall_line_width;float;0.4
resolution;7;wall_line_width_0;float;0.4
resolution;7;wall_line_width_x;float;0.4
resolution;7;skin_line_width;float;0.4
resolution;7;infill_line_width;float;0.4
resolution;7;skirt_brim_line_width;float;0.4
resolution;7;prime_tower_line_width;float;0.4
resolution;7;initial_layer_line_width_factor;float;100
shell;7;wall_extruder_nr;optional_extruder;-1
shell;7;wall_0_extruder_nr;optional_extruder;-1
shell;7;wall_x_extruder_nr;optional_extruder;-1
shell;7;wall_thickness;float;0.8
shell;7;wall_line_count;int;2
shell;7;wall_0_wipe_dist;float;0.2
shell;7;wall_0_inset;float;0
shell;7;optimize_wall_printing_order;bool;False
shell;7;outer_inset_first;bool;False
shell;7;alternate_extra_perimeter;bool;False
shell;7;travel_compensate_overlapping_walls_enabled;bool;True
shell;7;travel_compensate_overlapping_walls_0_enabled;bool;True
shell;7;travel_compensate_overlapping_walls_x_enabled;bool;True
shell;7;wall_min_flow;float;0
shell;7;fill_perimeter_gaps;enum;everywhere
shell;7;filter_out_tiny_gaps;bool;True
shell;7;fill_outline_gaps;bool;False
shell;7;xy_offset;float;0
shell;7;xy_offset_layer_0;float;0
shell;7;hole_xy_offset;float;0
shell;7;z_seam_type;enum;sharpest_corner
shell;7;z_seam_corner;enum;z_seam_corner_inner
infill;7;infill_extruder_nr;optional_extruder;-1
infill;7;infill_sparse_density;float;20
infill;7;infill_line_distance;float;4
infill;7;infill_pattern;enum;grid
infill;7;zig_zaggify_infill;bool;False
infill;7;infill_angles;[int];[ ]
infill;7;infill_offset_x;float;0
infill;7;infill_offset_y;float;0
infill;7;infill_randomize_start_location;bool;False
infill;7;infill_multiplier;int;1
infill;7;infill_wall_line_count;int;0
infill;7;infill_overlap;float;10
infill;7;infill_overlap_mm;float;0.04
infill;7;infill_wipe_dist;float;0.1
infill;7;infill_sparse_thickness;float;0.2
infill;7;gradual_infill_steps;int;0
infill;7;infill_before_walls;bool;True
infill;7;min_infill_area;float;0
infill;7;infill_support_enabled;bool;False
infill;7;skin_edge_support_thickness;float;0
infill;7;skin_edge_support_layers;int;0
material;7;material_print_temperature;float;210
material;7;material_print_temperature_layer_0;float;210
material;7;material_initial_print_temperature;float;200
material;7;material_final_print_temperature;float;195
material;7;material_extrusion_cool_down_speed;float;0.7
material;7;material_bed_temperature;float;60
material;7;material_bed_temperature_layer_0;float;60
material;7;material_flow;float;100
material;7;wall_material_flow;float;100
material;7;wall_0_material_flow;float;100
material;7;wall_x_material_flow;float;100
material;7;skin_material_flow;float;100
material;7;infill_material_flow;float;100
material;7;skirt_brim_material_flow;float;100
material;7;prime_tower_flow;float;100
material;7;material_flow_layer_0;float;100
material;7;material_standby_temperature;float;150
speed;7;speed_print;float;60
speed;7;speed_infill;float;60
speed;7;speed_wall;float;30
speed;7;speed_wall_0;float;30
speed;7;speed_wall_x;float;60
speed;7;speed_topbottom;float;30
speed;7;speed_prime_tower;float;60
speed;7;speed_travel;float;120
speed;7;speed_layer_0;float;30
speed;7;speed_print_layer_0;float;30
speed;7;speed_travel_layer_0;float;60
speed;7;skirt_brim_speed;float;20
speed;7;speed_slowdown_layers;int;2
speed;7;speed_equalize_flow_enabled;bool;False
speed;7;acceleration_enabled;bool;False
speed;7;jerk_enabled;bool;False
travel;7;retraction_enable;bool;True
travel;7;retract_at_layer_change;bool;False
travel;7;retraction_amount;float;6.5
travel;7;retraction_speed;float;25
travel;7;retraction_retract_speed;float;25
travel;7;retraction_prime_speed;float;25
travel;7;retraction_extra_prime_amount;float;0
travel;7;retraction_min_travel;float;0.8
travel;7;retraction_count_max;int;90
travel;7;retraction_extrusion_window;float;6.5
travel;7;retraction_combing;enum;all
travel;7;retraction_combing_max_distance;float;0
travel;7;travel_retract_before_outer_wall;bool;False
travel;7;travel_avoid_other_parts;bool;True
travel;7;travel_avoid_supports;bool;False
travel;7;travel_avoid_distance;float;0.625
travel;7;layer_start_x;float;0
travel;7;layer_start_y;float;0
travel;7;retraction_hop_enabled;bool;False
travel;7;retraction_hop_after_extruder_switch_height;float;1
cooling;7;cool_fan_enabled;bool;True
cooling;7;cool_fan_speed;float;100
cooling;7;cool_fan_speed_min;float;100
cooling;7;cool_fan_speed_max;float;100
cooling;7;cool_min_layer_time_fan_speed_max;float;10
cooling;7;cool_fan_speed_0;float;0
cooling;7;cool_fan_full_at_height;float;0.3
cooling;7;cool_fan_full_layer;int;2
cooling;7;cool_min_layer_time;float;5
cooling;7;cool_min_speed;float;10
cooling;7;cool_lift_head;bool;False
dual;7;prime_tower_enable;bool;True
dual;7;prime_tower_size;float;35
dual;7;prime_tower_min_volume;float;6
dual;7;prime_tower_position_x;float;130
dual;7;prime_tower_position_y;float;160
dual;7;prime_tower_wipe_enabled;bool;True
dual;7;prime_tower_brim_enable;bool;True
dual;7;ooze_shield_enabled;bool;False
dual;7;switch_extruder_retraction_amount;float;16
dual;7;switch_extruder_retraction_speeds;float;20
dual;7;switch_extruder_retraction_speed;float;20
dual;7;switch_extruder_prime_speed;float;20
dual;7;switch_extruder_extra_prime_amount;float;0
support;7;support_enable;bool;False
platform_adhesion;7;adhesion_type;enum;skirt
platform_adhesion;7;adhesion_extruder_nr;extruder;0
platform_adhesion;7;skirt_line_count;int;3
platform_adhesion;7;skirt_gap;float;3
platform_adhesion;7;skirt_brim_minimal_length;float;250
platform_adhesion;7;brim_width;float;2
platform_adhesion;7;brim_line_count;int;5
meshfix;7;meshfix_union_all;bool;True
meshfix;7;meshfix_union_all_remove_holes;bool;False
meshfix;7;meshfix_extensive_stitching;bool;False
meshfix;7;meshfix_keep_open_polygons;bool;False
meshfix;7;multiple_mesh_overlap;float;0.15
meshfix;7;carve_multiple_volumes;bool;True
meshfix;7;alternate_carve_order;bool;True
meshfix;7;remove_empty_first_layers;bool;True
meshfix;7;meshfix_maximum_resolution;float;0.5
meshfix;7;meshfix_maximum_travel_resolution;float;0.8
meshfix;7;meshfix_maximum_deviation;float;0.025
blackmagic;7;infill_mesh;bool;False
blackmagic;7;infill_mesh_order;int;0
blackmagic;7;cutting_mesh;bool;False
blackmagic;7;mold_enabled;bool;False
blackmagic;7;support_mesh;bool;False
blackmagic;7;anti_overhang_mesh;bool;False
blackmagic;7;magic_mesh_surface_mode;enum;normal
blackmagic;7;magic_spiralize;bool;False
blackmagic;7;relative_extrusion;bool;False
experimental;7;slicing_tolerance;enum;middle
experimental;7;infill_enable_travel_optimization;bool;False
experimental;7;minimum_polygon_circumference;float;1
experimental;7;draft_shield_enabled;bool;False
experimental;7;conical_overhang_enabled;bool;False
experimental;7;coasting_enable;bool;False
experimental;7;magic_fuzzy_skin_enabled;bool;False
experimental;7;flow_rate_max_extrusion_offset;float;0
experimental;7;flow_rate_extrusion_offset_factor;float;100
experimental;7;wireframe_enabled;bool;False
experimental;7;adaptive_layer_height_enabled;bool;False
experimental;7;wall_overhang_angle;float;90
experimental;7;wall_overhang_speed_factor;float;100
experimental;7;bridge_settings_enabled;bool;False
experimental;7;clean_between_layers;bool;False
experimental;7;small_hole_max_size;float;0
experimental;7;small_feature_max_length;float;0
experimental;7;small_feature_speed_factor;float;50
experimental;7;small_feature_speed_factor_0;float;50
resolution;8;layer_height;float;0.2
resolution;8;layer_height_0;float;0.3
resolution;8;line_width;float;0.4
resolution;8;wall_line_width;float;0.4
resolution;8;wall_line_width_0;float;0.4
resolution;8;wall_line_width_x;float;0.4
resolution;8;skin_line_width;float;0.4
resolution;8;infill_line_width;float;0.4
resolution;8;skirt_brim_line_width;float;0.4
resolution;8;prime_tower_line_width;float;0.4
resolution;8;initial_layer_line_width_factor;float;100
shell;8;wall_extruder_nr;optional_extruder;-1
shell;8;wall_0_extruder_nr;optional_extruder;-1
shell;8;wall_x_extruder_nr;optional_extruder;-1
shell;8;wall_thickness;float;0.8
shell;8;wall_line_count;int;4
shell;8;wall_0_wipe_dist;float;0.2
shell;8;wall_0_inset;float;0
shell;8;optimize_wall_printing_order;bool;False
shell;8;outer_inset_first;bool;False
shell;8;alternate_extra_perimeter;bool;False
shell;8;travel_compensate_overlapping_walls_enabled;bool;True
shell;8;travel_compensate_overlapping_walls_0_enabled;bool;True
shell;8;travel_compensate_overlapping_walls_x_enabled;bool;True
shell;8;wall_min_flow;float;0
shell;8;fill_perimeter_gaps;enum;everywhere
shell;8;filter_out_tiny_gaps;bool;True
shell;8;fill_outline_gaps;bool;False
shell;8;xy_offset;float;0
shell;8;xy_offset_layer_0;float;0
shell;8;hole_xy_offset;float;0
shell;8;z_seam_type;enum;sharpest_corner
shell;8;z_seam_corner;enum;z_seam_corner_inner
infill;8;infill_extruder_nr;optional_extruder;-1
infill;8;infill_sparse_density;float;20
infill;8;infill_line_distance;float;4
infill;8;infill_pattern;enum;grid
infill;8;zig_zaggify_infill;bool;False
infill;8;infill_angles;[int];[ ]
infill;8;infill_offset_x;float;0
infill;8;infill_offset_y;float;0
infill;8;infill_randomize_start_location;bool;False
infill;8;infill_multiplier;int;1
infill;8;infill_wall_line_count;int;0
infill;8;infill_overlap;float;10
infill;8;infill_overlap_mm;float;0.04
infill;8;infill_wipe_dist;float;0.1
infill;8;infill_sparse_thickness;float;0.2
infill;8;gradual_infill_steps;int;0
infill;8;infill_before_walls;bool;False
infill;8;min_infill_area;float;0
infill;8;infill_support_enabled;bool;False
infill;8;skin_edge_support_thickness;float;0
infill;8;skin_edge_support_layers;int;0
material;8;material_print_temperature;float;200
material;8;material_print_temperature_layer_0;float;200
material;8;material_initial_print_temperature;float;200
material;8;material_final_print_temperature;float;200
material;8;material_bed_temperature;float;60
material;8;material_bed_temperature_layer_0;float;60
material;8;material_flow;float;100
material;8;wall_material_flow;float;100
material;8;wall_0_material_flow;float;100
material;8;wall_x_material_flow;float;100
material;8;skin_material_flow;float;100
material;8;infill_material_flow;float;100
material;8;skirt_brim_material_flow;float;100
material;8;prime_tower_flow;float;100
material;8;material_flow_layer_0;float;100
material;8;material_standby_temperature;float;200
speed;8;speed_print;float;40
speed;8;speed_infill;float;40
speed;8;speed_wall;float;20
speed;8;speed_wall_0;float;20
speed;8;speed_wall_x;float;40
speed;8;speed_topbottom;float;20
speed;8;speed_prime_tower;float;40
speed;8;speed_travel;float;120
speed;8;speed_layer_0;float;20
speed;8;speed_print_layer_0;float;20
speed;8;speed_travel_layer_0;float;60
speed;8;skirt_brim_speed;float;20
speed;8;speed_z_hop;float;10
speed;8;speed_slowdown_layers;int;2
speed;8;speed_equalize_flow_enabled;bool;False
speed;8;acceleration_enabled;bool;False
speed;8;jerk_enabled;bool;False
travel;8;retraction_enable;bool;True
travel;8;retract_at_layer_change;bool;True
travel;8;retraction_amount;float;6.5
travel;8;retraction_speed;float;25
travel;8;retraction_retract_speed;float;25
travel;8;retraction_prime_speed;float;25
travel;8;retraction_extra_prime_amount;float;0
travel;8;retraction_min_travel;float;0.8
travel;8;retraction_count_max;int;90
travel;8;retraction_extrusion_window;float;6.5
travel;8;retraction_combing;enum;all
travel;8;retraction_combing_max_distance;float;0
travel;8;travel_retract_before_outer_wall;bool;False
travel;8;travel_avoid_other_parts;bool;True
travel;8;travel_avoid_supports;bool;False
travel;8;travel_avoid_distance;float;0.625
travel;8;layer_start_x;float;0
travel;8;layer_start_y;float;0
travel;8;retraction_hop_enabled;bool;True
travel;8;retraction_hop_only_when_collides;bool;True
travel;8;retraction_hop;float;1
travel;8;retraction_hop_after_extruder_switch;bool;True
travel;8;retraction_hop_after_extruder_switch_height;float;1
cooling;8;cool_fan_enabled;bool;True
cooling;8;cool_fan_speed;float;100
cooling;8;cool_fan_speed_min;float;100
cooling;8;cool_fan_speed_max;float;100
cooling;8;cool_min_layer_time_fan_speed_max;float;10
cooling;8;cool_fan_speed_0;float;0
cooling;8;cool_fan_full_at_height;float;0.3
cooling;8;cool_fan_full_layer;int;2
cooling;8;cool_min_layer_time;float;5
cooling;8;cool_min_speed;float;10
cooling;8;cool_lift_head;bool;False
dual;8;prime_tower_enable;bool;True
dual;8;prime_tower_size;float;35
dual;8;prime_tower_min_volume;float;40
dual;8;prime_tower_position_x;float;130
dual;8;prime_tower_position_y;float;160
dual;8;prime_tower_wipe_enabled;bool;True
dual;8;prime_tower_brim_enable;bool;True
dual;8;ooze_shield_enabled;bool;False
dual;8;switch_extruder_retraction_amount;float;2
dual;8;switch_extruder_retraction_speeds;float;20
dual;8;switch_extruder_retraction_speed;float;20
dual;8;switch_extruder_prime_speed;float;20
dual;8;switch_extruder_extra_prime_amount;float;0
support;8;support_enable;bool;False
platform_adhesion;8;adhesion_type;enum;skirt
platform_adhesion;8;adhesion_extruder_nr;extruder;0
platform_adhesion;8;skirt_line_count;int;3
platform_adhesion;8;skirt_gap;float;3
platform_adhesion;8;skirt_brim_minimal_length;float;250
platform_adhesion;8;brim_width;float;2
platform_adhesion;8;brim_line_count;int;5
meshfix;8;meshfix_union_all;bool;True
meshfix;8;meshfix_union_all_remove_holes;bool;False
meshfix;8;meshfix_extensive_stitching;bool;False
meshfix;8;meshfix_keep_open_polygons;bool;False
meshfix;8;multiple_mesh_overlap;float;0.15
meshfix;8;carve_multiple_volumes;bool;True
meshfix;8;alternate_carve_order;bool;True
meshfix;8;remove_empty_first_layers;bool;True
meshfix;8;meshfix_maximum_resolution;float;0.5
meshfix;8;meshfix_maximum_travel_resolution;float;0.8
meshfix;8;meshfix_maximum_deviation;float;0.025
blackmagic;8;infill_mesh;bool;False
blackmagic;8;infill_mesh_order;int;0
blackmagic;8;cutting_mesh;bool;False
blackmagic;8;mold_enabled;bool;False
blackmagic;8;support_mesh;bool;False
blackmagic;8;anti_overhang_mesh;bool;False
blackmagic;8;magic_mesh_surface_mode;enum;normal
blackmagic;8;magic_spiralize;bool;False
blackmagic;8;relative_extrusion;bool;False
experimental;8;slicing_tolerance;enum;middle
experimental;8;infill_enable_travel_optimization;bool;False
experimental;8;minimum_polygon_circumference;float;1
experimental;8;draft_shield_enabled;bool;False
experimental;8;conical_overhang_enabled;bool;False
experimental;8;coasting_enable;bool;False
experimental;8;magic_fuzzy_skin_enabled;bool;False
experimental;8;flow_rate_max_extrusion_offset;float;0
experimental;8;flow_rate_extrusion_offset_factor;float;100
experimental;8;wireframe_enabled;bool;False
experimental;8;adaptive_layer_height_enabled;bool;False
experimental;8;wall_overhang_angle;float;90
experimental;8;wall_overhang_speed_factor;float;100
experimental;8;bridge_settings_enabled;bool;False
experimental;8;clean_between_layers;bool;False
experimental;8;small_hole_max_size;float;0
experimental;8;small_feature_max_length;float;0
experimental;8;small_feature_speed_factor;float;50
experimental;8;small_feature_speed_factor_0;float;50
